GMT,PLLC1HUF,PLLC1HLF,PLLC1HTF,IIFC1HUF,IIFC1HLF,IIFC1HTF,MFTC1HUF,MFTC1HLF,MFTC1HTF,MRMC1LUF,MRMC1LLF,MRMC1LTF,SCBC1HUF,SCBC1HLF,SCBC1HTF,NFEC1LUF,NFEC1LLF,NFEC1LTF,PLGC1LUF,PLGC1LLF,PLGC1LTF,WBGC1HUF,WBGC1HLF,WBGC1HTF,ORDC1LUF,ORDC1LLF,ORDC1LTF,GYRC1HUF,GYRC1HLF,GYRC1HTF,JKRC1HOF,JKRC1HTF,OURC1LUF,OURC1LLF,OURC1LTF,NBBC1LUF,NBBC1LLF,NBBC1LTF,BWKC1HOF,BWKC1HTF,FOCC1HOF,FOCC1HTF,SUAC1LOF,SUAC1LTF,JNSC1LUF,JNSC1LLF,JNSC1LTF,HLEC1LOF,HLEC1LTF,NFDC1HUF,NFDC1HLF,NFDC1HTF,FMDC1HOF,FMDC1HTF,NMFC1HUF,NMFC1HLF,NMFC1HTF,RBBC1HOF,RBBC1HTF,HLLC1LUF,HLLC1LLF,HLLC1LTF,LNLC1HOF,LNLC1HTF,RRGC1LOF,RRGC1LTF,RUFC1LUF,RUFC1LLF,RUFC1LTF,MFAC1LUF,MFAC1LLF,MFAC1LTF,ICHC1HOF,ICHC1HTF,UNVC1HUF,UNVC1HLF,UNVC1HTF,SVCC1LUF,SVCC1LLF,SVCC1LTF,AKYC1HUF,AKYC1HLF,AKYC1HTF,CBAC1LUF,CBAC1LLF,CBAC1LTF,CMPC1HUF,CMPC1HMF,CMPC1HTF,NDVC1HUF,NDVC1HMF,NDVC1HTF,NSWC1HUF,NSWC1HMF,NSWC1HTF,AVYC1LMF,AVYC1LTF,NMSC1LUF,NMSC1LMF,NMSC1LTF,HETC1HUF,HETC1HMF,HETC1HTF,LNRC1HUF,LNRC1HMF,LNRC1HTF,CHVC1HUF,CHVC1HMF,CHVC1HTF,NDPC1LUF,NDPC1LMF,NDPC1LTF,HPIC1HUF,HPIC1HMF,HPIC1HTF,POHC1LUF,POHC1LMF,POHC1LTF,EXQC1LUF,EXQC1LMF,EXQC1LTF,FRAC1HUF,FRAC1HMF,FRAC1HTF,PFTC1HUF,PFTC1HMF,PFTC1HTF,KTRC1HUF,KTRC1HMF,KTRC1HTF,TMDC1LUF,TMDC1LMF,TMDC1LTF,SCSC1HUF,SCSC1HMF,SCSC1HTF,KKVC1HUF,KKVC1HMF,KKVC1HTF,SKRC1HUF,SKRC1HMF,SKRC1HTF,ISAC1LUF,ISAC1LMF,ISAC1LTF,TAHC1HOF,TAHC1HTF,TRCC1LOF,TRCC1LTF,DNRC1HOF,DNRC1HTF,MTSC1HUF,MTSC1HLF,MTSC1HTF,PSRC1HUF,PSRC1HLF,PSRC1HTF,ILAC1HOF,ILAC1HTF,SGNC1HOF,SGNC1HTF,STPC1LUF,STPC1LLF,STPC1LTF,BCAC1LUF,BCAC1LLF,BCAC1LTF,FARC1LUF,FARC1LLF,FARC1LTF,WOOC1HOF,WOOC1HTF,CEMC1HUF,CEMC1HLF,CEMC1HTF,WWBC1HUF,WWBC1HLF,WWBC1HTF,BPRC1HUF,BPRC1HLF,BPRC1HTF
,RSTO,RSTO,RSTO,RSTO,RSTO,RSTO,RSTO,RSTO,RSTO,RSTO,RSTO,RSTO,RSTO,RSTO,RSTO,RSTO,RSTO,RSTO,RSTO,RSTO,RSTO,RSTO,RSTO,RSTO,RSTO,RSTO,RSTO,RSTO,RSTO,RSTO,RSTO,RSTO,RSTO,RSTO,RSTO,RSTO,RSTO,RSTO,RSTO,RSTO,RSTO,RSTO,RSTO,RSTO,RSTO,RSTO,RSTO,RSTO,RSTO,RSTO,RSTO,RSTO,RSTO,RSTO,RSTO,RSTO,RSTO,RSTO,RSTO,RSTO,RSTO,RSTO,RSTO,RSTO,RSTO,RSTO,RSTO,RSTO,RSTO,RSTO,RSTO,RSTO,RSTO,RSTO,RSTO,RSTO,RSTO,RSTO,RSTO,RSTO,RSTO,RSTO,RSTO,RSTO,RSTO,RSTO,RSTO,RSTO,RSTO,RSTO,RSTO,RSTO,RSTO,RSTO,RSTO,RSTO,RSTO,RSTO,RSTO,RSTO,RSTO,RSTO,RSTO,RSTO,RSTO,RSTO,RSTO,RSTO,RSTO,RSTO,RSTO,RSTO,RSTO,RSTO,RSTO,RSTO,RSTO,RSTO,RSTO,RSTO,RSTO,RSTO,RSTO,RSTO,RSTO,RSTO,RSTO,RSTO,RSTO,RSTO,RSTO,RSTO,RSTO,RSTO,RSTO,RSTO,RSTO,RSTO,RSTO,RSTO,RSTO,RSTO,RSTO,RSTO,RSTO,RSTO,RSTO,RSTO,RSTO,RSTO,RSTO,RSTO,RSTO,RSTO,RSTO,RSTO,RSTO,RSTO,RSTO,RSTO,RSTO,RSTO,RSTO,RSTO,RSTO,RSTO,RSTO,RSTO,RSTO,RSTO,RSTO,RSTO,RSTO,RSTO,RSTO,RSTO,RSTO,RSTO,RSTO,RSTO,RSTO
2019-03-18 12:00:00,617004.6,80735.234,697739.8,1038966.5,28097.996,1067064.5,112080.555,0.0,112080.555,824817.1,35010.19,859827.3,138763.33,5028.374,143791.7,68125.88,336.0681,68461.95,698950.1,5504.879,704455.0,145469.1,297.13513,145766.23,272570.8,0.0,272570.8,415566.22,9330.604,424896.84,110858.4,110858.4,87406.72,2329.182,89735.9,131487.11,12553.456,144040.56,87537.43,87537.43,121255.266,121255.266,253975.03,253975.03,45107.266,999.87506,46107.14,0.0,0.0,468153.7,1322.1771,469475.9,199029.86,199029.86,69056.65,1156.2769,70212.93,121579.31,121579.31,237512.95,394.73148,237907.67,29004.955,29004.955,95008.695,95008.695,21403.836,2447.548,23851.385,48680.047,170.96577,48851.01,70390.15,70390.15,183040.05,427.7303,183467.78,23694.033,915.4785,24609.512,414213.8,336.55954,414550.38,32647.78,0.0,32647.78,282889.9,585361.5,868251.44,22219.799,49481.953,71701.76,54942.156,54592.22,109534.38,152604.81,152604.81,458374.75,209442.97,667817.75,751528.1,194395.61,945923.7,55009.574,99253.984,154263.56,251094.6,80048.06,331142.66,65745.586,295371.4,361117.0,295613.53,63445.62,359059.16,143161.77,91282.71,234444.48,146793.69,198601.84,345395.56,1481437.5,625436.44,2106874.0,1852977.1,353045.1,2206022.2,322101.0,85600.4,407701.4,47668.6,5693.3955,53362.0,30311.254,43180.105,73491.36,679716.25,181361.88,861078.1,160077.83,108985.29,269063.1,19868.787,0.0,19868.787,426797.62,426797.62,97509.85,97509.85,31621.5,31621.5,48025.855,4232.8228,52258.68,90523.95,10628.856,101152.805,20592.11,20592.11,17253.691,17253.691,167100.1,9450.184,176550.27,13710.792,18249.059,31959.85,166484.1,19464.957,185949.05,122696.1,122696.1,274581.12,169858.89,444440.03,330791.25,59576.914,390368.2,363476.84,87889.2,451366.1
2019-03-19 12:00:00,606531.9,79336.72,685868.6,989505.44,23599.969,1013105.44,108141.61,0.0,108141.61,819790.6,28976.88,848767.5,136771.69,3914.8638,140686.55,65288.297,245.45091,65533.746,686325.7,4659.2695,690984.94,145363.86,192.34758,145556.2,263271.06,0.0,263271.06,412898.2,8211.41,421109.6,108805.805,108805.805,85416.336,2126.3154,87542.65,130394.13,11174.479,141568.61,85845.625,85845.625,120240.86,120240.86,247876.28,247876.28,43967.27,924.3811,44891.652,0.0,0.0,465320.06,806.8363,466126.88,197753.06,197753.06,66230.63,1042.3723,67273.0,121054.51,121054.51,228615.95,361.77713,228977.73,28812.955,28812.955,92051.516,92051.516,19159.314,2161.9233,21321.238,47398.137,145.17899,47543.316,68328.29,68328.29,177574.67,353.8798,177928.55,22444.426,841.13226,23285.557,403519.66,321.92743,403841.56,30464.064,0.0,30464.064,282747.1,581063.9,863810.94,22216.438,48582.266,70798.7,54663.97,53820.297,108484.266,150932.97,150932.97,458252.88,203790.39,662043.25,750934.06,190497.67,941431.75,54987.445,96597.65,151585.11,251033.94,78206.78,329240.72,65722.99,280404.3,346127.3,295454.4,62107.9,357562.3,143051.7,88021.78,231073.47,146696.25,185998.97,332695.22,1480617.4,573049.6,2053667.1,1851984.6,324182.7,2176167.2,318239.34,78026.72,396266.06,46803.938,5044.161,51848.098,30294.15,37957.79,68251.94,670716.7,164733.14,835449.8,153921.84,103817.78,257739.62,19133.4,0.0,19133.4,407246.66,407246.66,96757.85,96757.85,31367.633,31367.633,47454.117,4092.0217,51546.14,90081.54,10410.455,100491.99,20504.107,20504.107,17130.49,17130.49,165825.84,9249.649,175075.48,13363.485,17683.72,31047.207,165159.28,18794.232,183953.52,120126.65,120126.65,274429.56,161579.14,436008.7,330620.6,57990.95,388611.53,363196.7,80003.234,443199.94
2019-03-20 12:00:00,623036.5,80341.125,703377.6,1093167.6,14883.997,1108051.6,104788.86,0.0,104788.86,816744.2,24221.812,840966.0,138726.92,3028.6711,141755.6,62300.29,179.15959,62479.45,687668.44,3952.2068,691620.6,146436.3,125.698265,146561.98,285301.88,0.0,285301.88,412162.2,7267.278,419429.5,111958.35,111958.35,83878.65,1944.6741,85823.32,129797.97,10091.845,139889.81,88787.3,88787.3,119666.03,119666.03,259085.48,259085.48,42943.383,854.3343,43797.72,0.0,0.0,464577.94,466.87323,465044.8,197357.86,197357.86,63575.543,929.74316,64505.29,121019.52,121019.52,231098.33,332.53616,231430.86,28676.418,28676.418,88951.664,88951.664,17810.852,1915.9292,19726.781,49916.426,122.59765,50039.023,73921.516,73921.516,191762.94,285.41873,192048.36,21292.484,767.5289,22060.014,430392.4,307.039,430699.44,28605.707,0.0,28605.707,284812.66,582454.25,867266.94,22307.158,49142.996,71450.16,54620.504,54692.773,109313.266,150816.33,150816.33,461037.72,272870.16,733907.9,754677.94,197470.38,952148.3,55444.777,101453.58,156898.34,252963.31,81007.92,333971.22,66338.03,327092.66,393430.7,299820.97,64783.066,364604.03,144768.7,109458.74,254227.42,149270.5,219424.12,368694.6,1507998.2,723100.7,2231099.0,1879948.1,419256.53,2299204.8,322110.53,91628.22,413738.75,48089.27,4655.3223,52744.59,30304.217,34839.22,65143.438,658681.5,150362.39,809043.9,144879.53,87747.08,232626.6,18404.404,0.0,18404.404,457949.34,457949.34,96206.38,96206.38,31188.43,31188.43,47025.312,3980.5542,51005.867,89913.01,10236.8545,100149.87,20488.107,20488.107,17057.69,17057.69,165362.47,9124.315,174486.8,13126.683,17254.066,30380.748,164276.08,18235.299,182511.38,124452.5,124452.5,276321.28,176653.31,452974.6,332826.0,60012.0,392838.0,366891.66,99931.836,466823.5
2019-03-21 12:00:00,613425.5,77354.984,690780.5,933064.6,12586.192,945650.9,102270.375,0.0,102270.375,817658.06,77886.71,895544.75,137890.12,2558.752,140448.88,65411.22,146.00217,65557.22,689617.1,3547.999,693165.1,147206.53,108.094025,147314.62,280266.72,0.0,280266.72,411978.22,6845.171,418823.38,111918.25,111918.25,85821.51,1759.2948,87580.805,130228.53,9166.299,139394.83,88603.01,88603.01,119801.28,119801.28,256607.94,256607.94,47388.883,712.2623,48101.15,0.0,0.0,464712.9,318.70032,465031.56,197601.06,197601.06,69039.71,824.23785,69863.945,121246.94,121246.94,228964.39,298.42334,229262.81,28676.418,28676.418,87379.38,87379.38,17143.918,1769.4213,18913.338,49835.78,106.517944,49942.3,73788.7,73788.7,189197.36,234.69727,189432.05,20216.281,693.5744,20909.855,427804.12,287.1918,428091.3,29531.205,0.0,29531.205,285086.2,581569.5,866655.7,22280.277,46981.31,69261.586,54533.566,54459.97,108993.54,149727.67,149727.67,462102.53,239700.34,701802.9,755600.1,196620.92,952221.06,55611.176,100976.21,156587.39,253639.22,80504.49,334143.72,66545.695,325863.4,392409.1,300807.25,64595.29,365402.53,145171.84,109294.09,254465.95,150125.47,219355.4,369480.88,1514383.2,723316.0,2237699.2,1886494.0,417406.8,2303900.8,324481.72,110077.67,434559.4,48757.914,8826.096,57584.01,31074.723,54734.043,85808.766,688715.4,227145.08,915860.5,154548.83,102797.96,257346.8,19294.982,0.0,19294.982,457711.22,457711.22,95905.58,95905.58,31061.498,31061.498,46614.38,3854.4204,50468.8,89660.21,10012.854,99673.06,20548.111,20548.111,17068.89,17068.89,165304.56,9009.008,174313.58,12968.815,16914.863,29883.68,164143.6,17899.936,182043.53,124208.336,124208.336,276667.12,151172.52,427839.66,334396.97,57668.453,392065.4,368954.5,72396.195,441350.7
2019-03-22 12:00:00,595267.25,76914.84,672182.1,920293.0,10685.349,930978.3,99575.414,0.0,99575.414,815982.56,22069.05,838051.6,134667.67,2257.7092,136925.39,61198.53,125.55186,61324.08,683606.2,3243.63,686849.8,146680.2,93.309044,146773.52,261057.25,0.0,261057.25,411242.16,6602.891,417845.06,111071.234,111071.234,82732.56,1669.2634,84401.83,129864.21,8662.004,138526.22,87050.586,87050.586,119767.47,119767.47,247219.64,247219.64,42616.586,680.5682,43297.152,0.0,0.0,464645.38,253.61325,464899.0,197509.84,197509.84,62033.086,784.09674,62817.18,121386.88,121386.88,220290.33,286.2135,220576.53,28655.086,28655.086,86688.82,86688.82,16635.273,1673.8877,18309.16,48942.56,96.19598,49038.754,72460.836,72460.836,185097.61,212.45932,185310.06,19731.6,671.1888,20402.79,418722.44,273.67508,418996.12,27477.242,0.0,27477.242,285258.75,580684.7,865943.44,22266.838,46332.45,68599.29,54507.49,54413.406,108920.9,149066.72,149066.72,462132.38,203836.2,665968.56,756262.2,194602.86,950865.06,55630.566,100036.81,155667.39,253649.42,79493.97,333143.4,66539.05,316302.3,382841.38,301270.25,64665.7,365935.94,145224.53,109294.09,254518.61,150552.94,219767.73,370320.7,1518738.5,727190.9,2245929.2,1890232.2,419102.38,2309334.8,326104.16,107016.875,433121.0,49033.86,6709.762,55743.625,31282.797,55441.562,86724.36,691151.9,228071.08,919222.9,154676.02,98978.266,253654.3,19283.834,0.0,19283.834,454743.7,454743.7,95805.305,95805.305,30986.832,30986.832,46167.715,3731.2195,49898.934,89491.67,9906.452,99398.125,20536.11,20536.11,17040.89,17040.89,165014.95,8943.834,173958.8,12866.201,16722.648,29588.85,163922.8,17732.256,181655.05,124141.41,124141.41,277054.44,149468.86,426523.28,334506.34,56064.117,390570.47,369924.0,79595.38,449519.38
2019-03-23 12:00:00,626388.4,79974.51,706362.9,1090093.4,28357.592,1118451.0,232244.81,0.0,232244.81,823141.7,77480.52,900622.2,139001.7,8930.181,147931.89,70684.32,120.65459,70804.98,697001.44,23621.832,720623.3,149267.3,1331.6871,150598.98,289789.56,0.0,289789.56,416210.22,6415.3105,422625.5,113101.41,113101.41,90128.32,1551.461,91679.77,131387.73,8365.878,139753.61,89654.51,89654.51,121289.07,121289.07,260696.44,260696.44,49069.06,592.2583,49661.316,0.0,0.0,471257.2,161.4822,471418.66,200124.27,200124.27,74181.516,718.84705,74900.37,122873.82,122873.82,241068.58,275.0381,241343.62,29051.889,29051.889,97574.92,97574.92,24920.773,1631.9042,26552.676,50521.23,88.906075,50610.137,74765.99,74765.99,193819.27,191.94975,194011.22,32381.291,650.31604,33031.605,433851.38,261.4971,434112.88,37858.336,0.0,37858.336,287228.88,585993.56,873222.4,22391.16,48019.406,70410.56,54803.062,54847.97,109651.03,150271.98,150271.98,464079.88,270007.88,734087.75,757075.44,196221.2,953296.6,55877.418,101228.94,157106.36,254813.14,80832.81,335645.94,66819.43,326682.9,393502.34,301582.12,64736.12,366318.28,145507.83,109486.19,254994.02,150686.53,219767.73,370454.25,1518738.5,723961.75,2242700.2,1889229.0,329010.75,2218239.8,325667.34,85812.74,411480.1,48938.344,4513.055,53451.4,31272.635,55101.95,86374.586,690339.6,208445.38,898785.0,149677.58,86202.32,235879.9,18693.682,0.0,18693.682,464258.47,464258.47,97309.32,97309.32,31427.367,31427.367,46650.117,3740.0198,50390.137,90776.75,10080.053,100856.805,20832.11,20832.11,17332.094,17332.094,167795.12,9144.368,176939.5,13024.07,17016.623,30040.693,166881.52,18249.271,185130.78,125359.38,125359.38,278465.47,172986.03,451451.5,335325.25,59358.88,394684.16,370329.72,72088.37,442418.1
2019-03-24 12:00:00,636863.06,79098.4,715961.5,1108845.8,9252.831,1118098.6,239054.84,0.0,239054.84,831823.94,51496.04,883319.94,140616.0,1935.9996,142552.0,71736.805,108.076706,71844.88,706129.3,2391.9387,708521.25,151180.64,35.393646,151216.03,292780.94,0.0,292780.94,419890.25,6215.463,426105.72,113963.7,113963.7,90705.6,1389.4502,92095.055,132878.14,7937.8984,140816.05,90348.26,90348.26,122286.57,122286.57,262445.44,262445.44,49491.465,621.0988,50112.562,0.0,0.0,475979.88,179.98654,476159.88,202221.86,202221.86,74813.83,670.13666,75483.97,124395.76,124395.76,243428.83,246.47472,243675.31,29423.092,29423.092,98863.25,98863.25,25606.217,1549.0055,27155.22,51112.594,68.49799,51181.09,75754.89,75754.89,196319.12,975.63995,197294.78,32772.332,605.4701,33377.8,439781.0,244.18411,440025.16,38458.234,0.0,38458.234,290608.4,594209.56,884818.0,22619.64,48486.043,71105.68,55368.137,55701.574,111069.7,152410.4,152410.4,468643.12,273718.25,742361.44,765482.56,200018.7,965501.25,56592.94,103166.47,159759.4,257659.02,82277.43,339936.44,67631.2,332931.78,400562.97,304369.6,65581.12,369950.72,147240.14,111050.27,258290.42,151846.92,222722.7,374569.62,1528502.9,729558.9,2258061.8,1894159.4,388158.84,2282318.2,326104.16,88310.99,414415.12,48927.727,4349.4766,53277.203,31282.797,54903.844,86186.64,690339.6,191281.3,881620.94,146901.72,82357.45,229259.16,18357.705,0.0,18357.705,470595.06,470595.06,98713.06,98713.06,31785.77,31785.77,47275.453,3772.2866,51047.74,91809.016,10298.454,102107.48,21044.111,21044.111,17544.893,17544.893,169648.58,9354.93,179003.52,13355.591,17649.8,31005.39,169884.42,18989.86,188874.28,127103.4,127103.4,281480.66,173650.12,455130.8,338395.72,59811.043,398206.75,373164.66,99314.02,472478.7
2019-03-25 12:00:00,635606.2,77025.85,712632.0,1105771.6,7473.8027,1113245.5,178316.66,0.0,178316.66,829996.06,20514.566,850510.6,140375.56,1697.5317,142073.1,70536.484,87.301445,70623.79,704283.3,2163.4204,706446.7,151096.66,28.101847,151124.75,285477.06,0.0,285477.06,419062.25,6039.3286,425101.56,113783.22,113783.22,89405.21,1328.4724,90733.69,132513.81,7447.4165,139961.23,90131.46,90131.46,122151.31,122151.31,260158.45,260158.45,48926.777,589.6837,49516.46,0.0,0.0,475372.66,145.39143,475518.03,202100.27,202100.27,71953.805,640.9796,72594.79,124290.8,124290.8,239793.81,239.1304,240032.95,29371.889,29371.889,98483.086,98483.086,23797.99,1507.9246,25305.914,50991.63,62.51246,51054.145,74988.4,74988.4,195674.02,169.52052,195843.53,27544.174,581.704,28125.877,437903.25,228.90518,438132.16,35819.227,0.0,35819.227,290507.16,592566.4,883073.5,22582.68,46870.496,69453.18,55272.51,55530.855,110803.375,151555.05,151555.05,468444.2,197198.83,665643.06,764286.06,199119.28,963405.44,56578.96,102717.19,159296.14,257597.69,81861.555,339459.25,67608.234,329595.28,397203.5,304207.8,65050.223,369258.03,147128.77,110666.11,257794.88,151774.64,220025.73,371800.38,1527516.0,612420.8,2139936.8,1893154.9,283699.3,2176854.2,325447.56,69736.7,395184.28,48347.57,4143.8784,52491.45,31272.635,49850.83,81123.47,682268.94,153820.88,836089.75,141434.66,75800.45,217235.12,17976.22,0.0,17976.22,465461.34,465461.34,98637.85,98637.85,31733.502,31733.502,46828.78,3652.0193,50480.8,91661.555,10197.654,101859.21,21024.111,21024.111,17511.293,17511.293,169358.98,9294.769,178653.75,13237.189,17423.666,30660.855,169884.42,18794.232,188678.67,126928.984,126928.984,281327.03,142910.27,424237.28,338222.8,58291.207,396514.03,372781.72,99159.56,471941.28
2019-03-26 12:00:00,653832.2,80445.87,734278.06,1109460.6,21680.115,1131140.8,115910.26,0.0,115910.26,838221.4,19640.346,857861.75,142402.05,1247.4824,143649.53,72636.76,56.641613,72693.4,729615.7,1912.5072,731528.2,157937.64,16.720793,157954.38,296727.88,0.0,296727.88,422006.22,5757.467,427763.7,114043.91,114043.91,90681.55,1202.2137,91883.76,134401.69,6791.185,141192.88,90434.984,90434.984,122421.82,122421.82,261893.14,261893.14,46923.137,508.47617,47431.613,0.0,0.0,476654.53,99.45235,476754.0,202009.08,202009.08,72563.74,606.98047,73170.72,124098.37,124098.37,239773.56,230.92842,240004.47,29307.889,29307.889,95709.805,95709.805,18494.824,1436.6556,19931.48,50897.55,54.389954,50951.94,73174.5,73174.5,192449.52,149.23137,192598.75,21313.512,558.082,21871.594,429562.22,219.399,429781.62,30299.324,0.0,30299.324,290434.97,589532.7,879967.6,22532.281,46203.156,68735.44,55133.41,55019.438,110152.86,150116.48,150116.48,468321.28,189183.62,657504.9,761298.6,191749.73,953048.4,56564.99,100310.234,156875.22,257536.36,79646.69,337183.03,67575.83,299931.12,367506.97,303975.72,63042.06,367017.78,147051.05,103366.5,250417.55,151702.38,198800.31,350502.72,1526682.2,510097.75,2036780.0,1886319.2,267093.7,2153413.0,322124.62,66852.57,388977.2,47257.59,3871.286,51128.875,31262.465,41520.914,72783.375,667772.0,141030.27,808802.25,136662.69,67551.84,204214.53,17522.328,0.0,17522.328,455984.28,455984.28,98512.52,98512.52,31755.904,31755.904,46274.914,3517.0854,49792.0,91535.15,10018.453,101553.59,21012.113,21012.113,17472.092,17472.092,169127.3,9184.476,178311.78,13047.749,17084.465,30132.213,169796.11,18528.738,188324.84,126580.2,126580.2,281173.5,140810.73,421984.22,338049.97,55981.406,394031.38,372497.03,71668.03,444165.06
2019-03-27 12:00:00,652654.2,76285.58,728939.8,1113764.4,4377.8223,1118142.2,228957.2,0.0,228957.2,843248.0,17879.092,861127.06,142608.11,690.8133,143298.94,73002.836,31.094364,73033.93,736282.1,1624.66,737906.75,159725.16,3.3519526,159728.5,298056.3,0.0,298056.3,425318.25,5225.0405,430543.28,115117.85,115117.85,90542.336,1000.69946,91543.03,134666.64,5870.281,140536.92,91576.81,91576.81,123757.46,123757.46,264746.78,264746.78,43370.19,336.7266,43706.918,0.0,0.0,479218.25,5.7466955,479224.03,203620.3,203620.3,61092.598,531.45996,61624.06,125217.94,125217.94,242574.27,213.22826,242787.48,29627.89,29627.89,94199.695,94199.695,15808.353,1339.5967,17147.95,50683.742,45.23928,50728.98,75799.766,75799.766,196359.45,116.104294,196475.55,18866.107,522.0587,19388.168,439286.84,198.10664,439484.94,26441.143,0.0,26441.143,293010.56,594083.1,887093.7,22659.959,48074.957,70734.914,55394.215,55332.4,110726.61,150505.28,150505.28,471381.1,207201.58,678582.6,763161.56,189005.36,952167.0,56892.46,100253.32,157145.78,259188.69,79636.09,338824.78,67989.88,308361.75,376351.62,304963.6,63458.008,368421.6,147590.81,108379.43,255970.25,152209.42,199364.9,351574.3,1527821.6,496654.25,2024475.9,1875117.4,255663.6,2130781.0,319302.12,63803.113,383105.22,46453.758,3639.3362,50093.094,31252.299,33788.93,65041.227,661693.5,130085.7,791779.2,132383.62,59434.773,191818.4,17185.54,0.0,17185.54,470448.6,470448.6,99239.46,99239.46,32039.637,32039.637,46096.242,3408.5515,49504.793,91935.42,9889.653,101825.08,21168.113,21168.113,17550.494,17550.494,170111.95,9114.289,179226.23,12897.774,16790.49,29688.266,170326.03,18291.191,188617.22,127208.04,127208.04,282892.16,170567.19,453459.34,339466.84,59032.316,398499.16,373374.88,69593.336,442968.22
2019-03-28 12:00:00,660260.44,77565.31,737825.75,1139894.6,3542.5308,1143437.2,200410.88,0.0,200410.88,862592.75,67325.8,929918.6,145252.81,4209.942,149462.75,75382.375,646.1309,76028.51,757614.75,909.1143,758523.9,164671.44,46.420666,164717.86,304621.78,0.0,304621.78,434518.3,9934.561,444452.88,118435.62,118435.62,92269.08,896.736,93165.81,137912.4,4685.6484,142598.06,94337.41,94337.41,127324.78,127324.78,271788.9,271788.9,48271.19,268.23984,48539.43,0.0,0.0,486774.6,0.0,486774.6,208849.11,208849.11,74031.75,368.19037,74399.94,129468.84,129468.84,250240.3,547.9714,250788.27,30792.695,30792.695,99475.73,99475.73,24284.29,13366.151,37650.44,51623.316,46.721046,51670.035,78535.91,78535.91,201863.12,72.456764,201935.6,30230.562,2740.2893,32970.85,457577.22,168.7233,457745.94,38231.242,0.0,38231.242,304444.53,619868.94,924313.5,23456.285,50308.16,73764.445,57445.85,57697.895,115143.74,155948.5,155948.5,490394.5,265555.44,755949.94,793592.1,203116.66,996708.75,59263.67,104710.875,163974.55,269682.88,83240.51,352923.38,71093.016,336312.3,407405.3,318348.44,66989.445,385337.9,155082.92,115083.97,270166.88,158728.48,223547.34,382275.84,1578984.9,709108.0,2288093.0,1918786.1,395056.75,2313843.0,327506.6,105562.89,433069.47,48630.55,6662.156,55292.707,31511.207,49835.215,81346.42,687903.2,207488.38,895391.56,130350.01,55074.98,185425.0,17138.307,0.0,17138.307,484182.6,484182.6,102072.016,102072.016,33040.176,33040.176,47203.984,3449.6182,50653.605,93894.625,10130.453,104025.08,21684.115,21684.115,17920.096,17920.096,174513.89,9344.902,183858.8,13142.47,17095.771,30238.24,174167.97,18500.793,192668.75,132252.44,132252.44,293889.66,178603.98,472493.66,352141.03,61695.05,413836.1,384966.1,100163.52,485129.6
2019-03-29 12:00:00,665078.3,76613.75,741692.06,1130663.6,3512.4133,1134176.1,83739.805,0.0,83739.805,867162.4,15933.772,883096.1,145758.64,413.276,146171.92,76030.664,43.856243,76074.52,763870.94,56.27477,763927.25,166223.62,17.022856,166240.64,304791.62,0.0,304791.62,435806.34,4148.3965,439954.75,118736.42,118736.42,92653.94,860.9009,93514.836,138641.05,3570.1345,142211.19,94756.56,94756.56,127662.92,127662.92,272801.5,272801.5,48623.19,277.48553,48900.676,0.0,0.0,488393.78,0.0,488393.78,209487.52,209487.52,74347.914,181.29744,74529.21,129888.69,129888.69,251094.78,180.30894,251275.08,30890.83,30890.83,99813.65,99813.65,24167.504,1093.968,25261.47,51696.707,54.49277,51751.2,78884.05,78884.05,202548.31,53.868706,202602.17,29442.447,2278.4966,31720.945,459211.0,325.5836,459536.56,38377.16,0.0,38377.16,305104.3,621006.5,926110.8,23499.965,50297.047,73797.016,57524.098,57640.195,115164.29,155948.5,155948.5,491079.03,250456.89,741535.94,793881.7,201233.47,995115.1,59355.195,103631.21,162986.4,270074.16,82488.87,352563.03,71215.74,333535.38,404751.1,318457.53,66660.836,385118.38,155217.31,114644.92,269862.25,158792.77,218635.0,377427.75,1579578.2,660060.6,2239639.0,1918158.1,259907.44,2178065.5,327536.25,62383.746,389920.0,48619.94,3381.1602,52001.098,31460.27,30021.238,61481.508,687632.44,118168.04,805800.5,129597.17,52120.887,181718.06,17113.785,0.0,17113.785,484583.56,484583.56,102197.35,102197.35,33107.375,33107.375,47007.45,3382.1514,50389.6,93978.91,10052.054,104030.95,21716.115,21716.115,17925.695,17925.695,174629.73,9294.769,183924.52,13055.644,16914.863,29970.504,174212.12,18333.111,192545.23,132338.98,132338.98,294275.22,178603.98,472879.22,352498.06,61644.812,414142.88,385025.84,99121.91,484147.72
2019-03-30 12:00:00,660397.7,74153.055,734550.75,1105085.0,3148.9934,1108233.9,81832.83,0.0,81832.83,865029.9,15235.37,880265.25,144797.36,335.87686,145133.23,75316.71,31.654163,75348.37,761409.5,27.197737,761436.7,165677.03,0.0,165677.03,297771.25,0.0,297771.25,434518.3,4005.7131,438524.0,117898.92,117898.92,91637.84,808.2796,92446.125,137978.66,3355.476,141334.12,94554.21,94554.21,127527.67,127527.67,271095.72,271095.72,46530.1,246.48259,46776.586,0.0,0.0,487246.84,0.0,487246.84,208909.9,208909.9,71023.97,172.4225,71196.39,129836.21,129836.21,249850.95,175.42722,250026.38,30839.63,30839.63,99198.36,99198.36,19901.875,1042.3541,20944.23,50760.527,48.037506,50808.566,78597.15,78597.15,201134.19,48.833157,201183.03,20150.893,417.8966,20568.791,456874.94,152.86409,457027.78,35990.54,0.0,35990.54,304957.03,618984.06,923941.2,23466.363,50063.727,73530.086,57445.85,57142.926,114588.77,155132.03,155132.03,490953.8,220650.11,711603.9,792747.44,197406.27,990153.75,59332.617,101860.58,161193.19,270038.6,81214.836,351253.44,71196.86,317667.0,388863.84,318291.53,65549.33,383840.88,155137.14,112528.766,267665.94,158718.39,205189.73,363908.16,1578728.8,567016.7,2145745.5,1915751.2,238395.27,2154146.5,327057.53,59955.46,387013.0,48566.875,3268.166,51835.04,31371.81,28384.764,59756.574,687091.0,112214.92,799305.94,128374.11,48959.797,177333.9,17064.242,0.0,17064.242,480189.56,480189.56,101996.805,101996.805,33032.71,33032.71,46703.72,3294.1506,49997.867,93789.3,9928.853,103718.15,21688.117,21688.117,17892.096,17892.096,174166.36,9209.542,183375.9,12905.669,16643.502,29549.17,173903.02,18095.564,191998.58,131738.11,131738.11,294048.66,177979.78,472028.4,352426.7,61443.85,413870.53,384735.1,93408.31,478143.4
2019-03-31 12:00:00,652375.4,72775.836,725151.25,1058193.1,2659.4219,1060852.5,78791.38,0.0,78791.38,861526.5,14327.234,875853.75,143252.22,253.36198,143505.58,73912.945,17.944931,73930.89,756896.8,0.0,756896.8,163398.5,0.0,163398.5,288659.72,0.0,288659.72,432402.3,3836.8118,436239.12,116373.336,116373.336,90015.19,748.29175,90763.48,137051.28,3105.4182,140156.7,94135.06,94135.06,127189.53,127189.53,267744.72,267744.72,43323.9,210.40657,43534.305,0.0,0.0,485020.44,0.0,485020.44,207906.7,207906.7,65836.18,161.39209,65997.57,129643.77,129643.77,247140.47,169.29787,247309.77,30724.43,30724.43,96568.76,96568.76,15300.043,981.2411,16281.283,49363.89,41.493534,49405.383,77520.93,77520.93,198075.73,42.397606,198118.14,17361.629,404.94592,17766.576,451289.2,147.76193,451436.97,32344.145,0.0,32344.145,304883.4,615950.44,920833.8,23399.164,49387.855,72787.02,57298.07,56251.957,113550.016,153848.98,153848.98,490828.72,184535.75,675364.44,790401.9,191562.22,981964.06,59318.367,99141.99,158460.38,270003.03,79255.06,349258.1,71187.42,294393.12,365580.53,318125.6,63928.633,382054.22,155057.0,108164.94,263221.94,158659.95,186142.89,344802.84,1577879.5,490079.12,2067958.5,1907234.4,229068.33,2136302.8,325777.5,56863.895,382641.4,48091.59,3123.7622,51215.35,31195.957,26348.879,57544.836,683739.56,104659.64,788399.2,125248.95,44853.992,170102.94,16939.11,0.0,16939.11,469657.28,469657.28,101595.74,101595.74,32898.305,32898.305,46221.31,3173.8835,49395.19,93473.3,9727.252,103200.555,21640.115,21640.115,17830.494,17830.494,173297.56,9069.168,182366.72,12660.974,16202.541,28863.514,173240.61,17690.334,190930.94,130728.03,130728.03,293891.28,173520.72,467412.0,352355.25,60621.754,412977.0,384444.47,82855.73,467300.22
2019-04-01 12:00:00,640586.1,71277.55,711863.6,995844.9,2119.3354,997964.2,74450.45,0.0,74450.45,856956.9,13266.451,870223.3,141237.83,173.41774,141411.23,71607.4,4.0477886,71611.445,750435.5,0.0,750435.5,160325.56,0.0,160325.56,277492.12,0.0,277492.12,429458.3,3640.3904,433098.72,114039.73,114039.73,87823.555,678.31934,88501.875,135759.6,2798.714,138558.31,93484.66,93484.66,126597.805,126597.805,262480.8,262480.8,39681.266,169.84717,39851.113,0.0,0.0,481444.7,0.0,481444.7,206356.3,206356.3,59887.066,148.10126,60035.168,129153.96,129153.96,242213.25,161.98833,242375.23,30540.96,30540.96,92359.76,92359.76,14182.073,901.644,15083.717,47433.266,33.264175,47466.53,74961.81,74961.81,192309.92,34.496185,192344.42,16795.197,385.74878,17180.945,441017.3,140.68858,441158.03,27696.832,0.0,27696.832,304779.28,611779.25,916558.56,23298.365,48427.434,71725.8,57037.266,55027.63,112064.9,152177.12,152177.12,490703.56,176479.69,667183.25,787008.2,183437.44,970445.7,59304.117,95403.07,154707.19,269967.47,76700.87,346668.34,71177.984,267124.72,338302.72,317959.7,60957.37,378917.06,154943.34,99800.83,254744.16,158585.62,168973.4,327559.0,1576497.6,474182.03,2050679.6,1887486.5,217311.17,2104797.5,322938.2,53587.617,376525.78,47188.453,2960.8406,50149.293,30918.602,24101.814,55020.418,669293.2,96160.62,765453.8,117687.9,40302.062,157989.95,16721.568,0.0,16721.568,452853.44,452853.44,100994.13,100994.13,32689.242,32689.242,45595.973,3018.4163,48614.39,92946.63,9458.449,102405.08,21548.115,21548.115,17712.895,17712.895,171965.39,8878.66,180844.06,12329.452,15637.202,27966.654,172136.6,17159.346,189295.94,128606.4,128606.4,293733.94,161682.52,455416.44,352283.84,58516.34,410800.16,384153.94,68774.39,452928.34
2019-04-02 12:00:00,627637.0,69564.76,697201.75,928554.0,1628.7925,930182.8,70125.016,0.0,70125.016,851473.4,12192.043,863665.44,138839.88,107.213196,138947.1,69270.53,0.0,69270.53,743871.6,0.0,743871.6,157347.83,0.0,157347.83,266538.47,0.0,266538.47,426054.25,3442.031,429496.28,111620.09,111620.09,85564.17,612.1049,86176.27,134335.42,2501.7756,136837.19,92761.99,92761.99,125938.44,125938.44,257168.17,257168.17,38462.223,129.09755,38591.32,0.0,0.0,477329.22,0.0,477329.22,204532.28,204532.28,58111.066,135.21806,58246.285,128559.195,128559.195,237304.34,154.38791,237458.73,30314.828,30314.828,88140.82,88140.82,13098.61,826.47363,13925.083,45475.45,26.208141,45501.66,72568.63,72568.63,186694.58,27.118479,186721.69,16188.231,367.4997,16555.73,430413.16,133.93716,430547.1,25276.525,0.0,25276.525,304675.2,607228.9,911904.0,23190.842,47479.06,70669.91,56776.46,53767.48,110543.945,150310.88,150310.88,490627.56,163421.88,654049.44,783699.94,177789.33,961489.25,59275.62,92697.14,151972.77,269896.34,74672.33,344568.66,71168.54,250569.17,321737.7,317723.5,58599.574,376323.1,154863.25,92723.08,247586.33,158511.33,158700.03,317211.34,1575649.0,458592.5,2034241.6,1870925.0,205657.9,2076582.8,320435.44,51057.6,371493.03,46172.99,2729.4473,48902.434,30612.059,21986.51,52598.57,658930.1,89237.47,748167.56,111005.29,35670.45,146675.73,16484.67,0.0,16484.67,434278.62,434278.62,100242.13,100242.13,32435.373,32435.373,44809.84,2836.5483,47646.387,92335.695,9139.248,101474.945,21440.115,21440.115,17567.293,17567.293,170285.7,8648.046,178933.75,11926.89,14924.88,26851.77,170723.47,16516.568,187240.05,126498.57,126498.57,293576.66,149717.66,443294.34,352212.4,56391.29,408603.72,383765.5,65821.52,449587.03
2019-04-03 12:00:00,613776.1,67737.58,681513.75,859208.25,1222.0647,860430.3,65687.62,0.0,65687.62,845380.5,11157.396,856537.9,136271.45,54.81218,136326.27,66761.445,0.0,66761.445,736487.25,0.0,736487.25,154215.48,0.0,154215.48,255373.89,0.0,255373.89,422374.22,3255.9268,425630.16,109026.586,109026.586,83201.664,549.08026,83750.74,132811.9,2187.4958,134999.4,91952.6,91952.6,125194.53,125194.53,251450.45,251450.45,37178.152,96.261955,37274.414,0.0,0.0,472741.44,0.0,472741.44,202525.88,202525.88,56259.04,121.12745,56380.168,127894.44,127894.44,232015.97,146.83484,232162.81,30058.826,30058.826,84533.91,84533.91,12015.435,753.4454,12768.88,43453.973,18.144098,43472.117,69948.77,69948.77,180720.47,20.82405,180741.28,15424.294,347.96002,15772.254,418780.6,126.9903,418907.6,24046.752,0.0,24046.752,304601.56,602299.2,906900.75,23073.244,46463.32,69536.56,56506.97,52434.535,108941.51,148289.11,148289.11,490426.4,150800.34,641226.75,780136.0,171675.67,951811.7,58821.72,90107.53,148929.25,269860.75,72650.67,342511.4,71159.1,234442.77,305601.88,317557.75,56331.14,373888.88,154783.17,86038.95,240822.11,158426.2,149176.33,307602.53,1574800.6,442968.06,2017768.8,1853870.1,196380.56,2050250.8,317971.47,48616.89,366588.34,45527.84,2500.6543,48028.496,30282.84,20050.707,50333.547,653179.56,82830.74,736010.4,104608.76,31214.986,135823.75,16247.433,0.0,16247.433,413404.25,413404.25,99414.93,99414.93,32151.635,32151.635,43934.367,2640.014,46574.383,91661.555,8780.847,100442.4,21324.115,21324.115,17410.492,17410.492,168432.25,8397.378,176829.62,11484.861,14133.409,25618.27,169177.86,15803.924,184981.78,124211.695,124211.695,291476.97,138511.78,429988.75,352141.03,54373.473,406514.5,383513.7,63049.324,446563.03
2019-04-04 12:00:00,599426.1,65855.97,665282.06,791106.25,908.3795,792014.6,61898.312,0.0,61898.312,838983.0,10138.545,849121.6,133570.5,21.700338,133592.2,64146.668,0.0,64146.668,728692.6,0.0,728692.6,150955.72,0.0,150955.72,244019.16,0.0,244019.16,418510.22,3080.5483,421590.78,106235.35,106235.35,81033.05,488.81006,81521.85,131222.14,1877.2067,133099.34,90743.086,90743.086,124399.914,124399.914,245219.81,245219.81,35847.887,66.622406,35914.508,0.0,0.0,467951.28,0.0,467951.28,200397.86,200397.86,54334.508,107.51238,54442.023,127177.21,127177.21,226315.55,139.207,226454.77,29785.76,29785.76,81237.97,81237.97,10958.391,679.82306,11638.214,41365.477,10.080057,41375.56,67083.79,67083.79,174287.31,15.181904,174302.48,14643.502,328.48303,14971.985,406162.22,120.08368,406282.3,22801.916,0.0,22801.916,304454.4,597116.8,901571.2,22932.121,45459.758,68391.875,56185.31,50994.25,107179.56,146111.81,146111.81,490301.3,138268.42,628569.75,775639.25,165002.8,940642.1,58246.785,87151.39,145398.17,269825.16,70416.82,340242.0,71140.22,219553.62,290693.84,317392.0,53911.55,371303.53,154703.12,80449.52,235152.64,158351.92,141923.81,300275.75,1573952.5,426557.06,2000509.6,1834160.9,188783.6,2022944.4,315043.97,46181.066,361225.03,45004.703,2282.4434,47287.15,29922.096,18213.314,48135.41,647532.2,76601.41,724133.6,97852.3,26750.23,124602.52,15979.014,0.0,15979.014,391115.88,391115.88,98512.52,98512.52,31852.969,31852.969,43023.16,2431.746,45454.906,90945.28,8405.645,99350.93,21204.113,21204.113,17242.492,17242.492,166462.97,8131.6694,174594.64,10288.582,13296.711,23585.293,167499.78,15049.36,182549.14,121717.68,121717.68,288399.16,134078.75,422477.9,351998.2,52587.996,404586.2,383223.47,59803.24,443026.72
2019-04-05 12:00:00,583584.6,63840.22,647424.8,721551.8,636.06854,722187.9,57962.246,0.0,57962.246,831976.25,9220.679,841196.9,130653.914,0.0,130653.914,61317.438,0.0,61317.438,719769.94,0.0,719769.94,147433.81,0.0,147433.81,232184.47,0.0,232184.47,414094.2,2899.6394,416993.8,103158.2,103158.2,78800.37,431.39404,79231.76,129466.766,1584.655,131051.42,88259.32,88259.32,123470.04,123470.04,238325.73,238325.73,34400.91,40.1789,34441.09,0.0,0.0,462419.03,0.0,462419.03,197965.86,197965.86,52298.184,94.184494,52392.367,126320.03,126320.03,220043.38,130.9875,220174.36,29478.557,29478.557,77673.43,77673.43,9886.264,612.6495,10498.913,39192.49,1.0080091,39193.5,63910.723,63910.723,167157.19,10.192058,167167.39,13835.405,309.11462,14144.52,391844.88,113.094925,391957.97,21496.932,0.0,21496.932,304350.38,591175.94,895526.25,22764.121,44457.25,67221.375,55785.42,49367.332,105152.75,143662.36,143662.36,490176.3,125414.016,615590.3,769514.3,157679.12,927193.44,57559.52,83830.48,141390.0,269789.56,67746.62,337536.2,71130.78,207234.78,278365.56,317226.28,51222.043,368448.3,154623.11,75134.35,229757.47,158277.69,134059.28,292336.97,1570621.5,408329.75,1978951.1,1808604.6,180748.33,1989353.0,311131.8,43593.22,354725.0,44363.27,2064.6062,46427.875,29503.615,16781.727,46285.34,640327.94,70293.36,710621.3,87159.05,22618.38,109777.42,15606.734,0.0,15606.734,366488.78,366488.78,97509.85,97509.85,31509.498,31509.498,42022.625,1554.9257,43577.55,90144.74,7985.642,98130.38,21060.111,21060.111,17046.49,17046.49,164262.0,7835.8813,172097.88,9010.318,12369.559,21379.877,165600.88,14210.956,179811.83,118889.31,118889.31,284533.78,129254.27,413788.03,351926.75,50561.332,402488.1,382933.38,56150.78,439084.16
